{
  "images" : [
    {
      "idiom" : "universal",
      "scale" : "1x"
    },
    {
      "idiom" : "universal",
      "scale" : "2x"
    },
    {
      "idiom" : "universal",
      "scale" : "3x"
    },
    {
      "filename" : "launch_portrait_1125x2436 2.png",
      "idiom" : "iphone",
      "scale" : "1x"
    },
    {
      "filename" : "launch_portrait_1125x2436 1.png",
      "idiom" : "iphone",
      "scale" : "2x"
    },
    {
      "filename" : "launch_portrait_1125x2436.png",
      "idiom" : "iphone",
      "scale" : "3x"
    },
    {
      "filename" : "scanner_launch-Portrait~ios7.png",
      "idiom" : "ipad",
      "scale" : "1x"
    },
    {
      "filename" : "scanner_launch-Portrait~ios7@2x.png",
      "idiom" : "ipad",
      "scale" : "2x"
    }
  ],
  "info" : {
    "author" : "xcode",
    "version" : 1
  }
}
